covid_vacc_date,total,40-49,30-39,18-29,70-79,50-54,55-59,60-64,80+,65-69,shielding (aged 16-69),16-17,care home,LD (aged 16-64)
2020 01 Dec,21.0,0.0,0.0,0.0,7.0,7.0,7.0,0.0,0.0,0.0,0.0,0.0,0.0,0.0
2020 02 Dec,91.0,7.0,7.0,7.0,21.0,14.0,14.0,7.0,0.0,14.0,0.0,0.0,0.0,0.0
2020 03 Dec,126.0,14.0,7.0,14.0,28.0,14.0,21.0,14.0,0.0,14.0,0.0,0.0,0.0,0.0
2020 04 Dec,175.0,21.0,14.0,21.0,42.0,14.0,21.0,21.0,0.0,21.0,0.0,0.0,0.0,0.0
2020 05 Dec,189.0,21.0,14.0,21.0,42.0,21.0,21.0,21.0,0.0,28.0,0.0,0.0,0.0,0.0
2020 06 Dec,196.0,21.0,14.0,21.0,42.0,21.0,28.0,21.0,0.0,28.0,0.0,0.0,0.0,0.0
2020 07 Dec,238.0,28.0,14.0,21.0,56.0,21.0,35.0,28.0,0.0,35.0,0.0,0.0,0.0,0.0
2020 08 Dec,2492.0,371.0,259.0,154.0,98.0,280.0,294.0,203.0,497.0,105.0,217.0,0.0,14.0,0.0
2020 09 Dec,6993.0,945.0,728.0,441.0,175.0,707.0,756.0,602.0,1890.0,238.0,476.0,0.0,35.0,0.0
2020 10 Dec,11942.0,1547.0,1239.0,735.0,259.0,1071.0,1148.0,966.0,3717.0,385.0,798.0,0.0,70.0,7.0
2020 11 Dec,16863.0,2163.0,1757.0,1050.0,329.0,1512.0,1554.0,1316.0,5446.0,532.0,1106.0,0.0,91.0,7.0
2020 12 Dec,21371.0,2898.0,2317.0,1379.0,399.0,1932.0,1981.0,1603.0,6685.0,637.0,1428.0,0.0,105.0,7.0
2020 13 Dec,24906.0,3409.0,2730.0,1659.0,441.0,2247.0,2296.0,1848.0,7812.0,728.0,1603.0,0.0,119.0,14.0
2020 14 Dec,30009.0,4074.0,3332.0,1988.0,532.0,2653.0,2744.0,2163.0,9653.0,861.0,1855.0,0.0,140.0,14.0
2020 15 Dec,55944.0,5208.0,4193.0,2492.0,749.0,3318.0,3465.0,2688.0,30009.0,1099.0,2310.0,7.0,392.0,14.0
2020 16 Dec,96789.0,6524.0,5236.0,3199.0,1015.0,4207.0,4466.0,3367.0,63812.0,1365.0,2751.0,14.0,812.0,21.0
2020 17 Dec,135695.0,8134.0,6447.0,3969.0,1603.0,5271.0,5635.0,4277.0,94094.0,1715.0,3297.0,21.0,1204.0,28.0
2020 18 Dec,163779.0,9737.0,7644.0,4676.0,2170.0,6363.0,6734.0,5103.0,113806.0,2121.0,3850.0,28.0,1505.0,42.0
2020 19 Dec,194544.0,11053.0,8652.0,5299.0,2779.0,7182.0,7637.0,5859.0,137466.0,2464.0,4277.0,35.0,1792.0,49.0
2020 20 Dec,224497.0,12901.0,10003.0,6062.0,3318.0,8323.0,8932.0,6818.0,158347.0,2842.0,4781.0,42.0,2065.0,63.0
2020 21 Dec,248374.0,15218.0,11683.0,7056.0,3962.0,9849.0,10612.0,8001.0,170793.0,3332.0,5488.0,49.0,2261.0,70.0
2020 22 Dec,282590.0,17213.0,13328.0,7987.0,4550.0,11221.0,12019.0,9051.0,194502.0,3787.0,6216.0,56.0,2583.0,77.0
2020 23 Dec,313019.0,19936.0,15351.0,9352.0,5264.0,12901.0,13825.0,10416.0,211302.0,4361.0,7091.0,63.0,3066.0,91.0
2020 24 Dec,323547.0,21273.0,16443.0,9982.0,5586.0,13734.0,14665.0,11081.0,214928.0,4634.0,7504.0,70.0,3549.0,98.0
2020 25 Dec,323596.0,21280.0,16457.0,9989.0,5586.0,13741.0,14672.0,11088.0,214928.0,4634.0,7504.0,70.0,3549.0,98.0
2020 26 Dec,323939.0,21357.0,16527.0,10052.0,5593.0,13776.0,14707.0,11102.0,214935.0,4648.0,7525.0,70.0,3549.0,98.0
2020 27 Dec,326018.0,21791.0,16919.0,10248.0,5621.0,14014.0,14966.0,11298.0,215117.0,4718.0,7609.0,70.0,3549.0,98.0
2020 28 Dec,329735.0,22505.0,17563.0,10619.0,5726.0,14420.0,15330.0,11641.0,215572.0,4844.0,7791.0,70.0,3556.0,98.0
2020 29 Dec,346682.0,24395.0,19166.0,11543.0,6118.0,15540.0,16429.0,12467.0,222999.0,5215.0,8274.0,70.0,4354.0,112.0
2020 30 Dec,390411.0,28637.0,22575.0,13657.0,7959.0,18130.0,19208.0,14546.0,241388.0,6111.0,9639.0,84.0,8288.0,189.0
2020 31 Dec,427294.0,32802.0,25879.0,15757.0,9870.0,20692.0,21875.0,16499.0,254429.0,6986.0,10913.0,98.0,11221.0,273.0
2021 01 Jan,435722.0,33866.0,26866.0,16317.0,10388.0,21399.0,22519.0,17010.0,256844.0,7189.0,11228.0,105.0,11690.0,301.0
2021 02 Jan,444878.0,35252.0,28105.0,17052.0,11081.0,22197.0,23275.0,17535.0,259098.0,7399.0,11550.0,112.0,11900.0,322.0
2021 03 Jan,451528.0,36463.0,29120.0,17710.0,11221.0,22841.0,23884.0,17976.0,260554.0,7560.0,11767.0,119.0,11991.0,322.0
2021 04 Jan,462231.0,38493.0,30905.0,18921.0,11431.0,24038.0,25039.0,18823.0,261856.0,7875.0,12257.0,119.0,12145.0,329.0
2021 05 Jan,483007.0,42245.0,34153.0,20979.0,11851.0,26418.0,27342.0,20475.0,264726.0,8491.0,13188.0,133.0,12642.0,364.0
2021 06 Jan,517076.0,47320.0,38598.0,23835.0,14343.0,29456.0,30513.0,22883.0,271957.0,9464.0,14399.0,147.0,13748.0,413.0
2021 07 Jan,597142.0,54656.0,44786.0,27902.0,23268.0,34006.0,35329.0,26537.0,305508.0,11025.0,16296.0,175.0,17164.0,490.0
2021 08 Jan,690116.0,62433.0,51338.0,32487.0,34874.0,38927.0,40460.0,30373.0,345338.0,12705.0,18494.0,210.0,21854.0,623.0
2021 09 Jan,771582.0,69342.0,57232.0,36484.0,44520.0,43197.0,45052.0,33677.0,381122.0,14280.0,20594.0,238.0,25151.0,693.0
2021 10 Jan,813183.0,73724.0,61250.0,39235.0,48643.0,45878.0,47670.0,35483.0,397607.0,15078.0,21595.0,259.0,26040.0,721.0
2021 11 Jan,856415.0,80024.0,66948.0,43393.0,51884.0,49840.0,51555.0,38199.0,405251.0,16058.0,23352.0,280.0,28833.0,798.0
2021 12 Jan,928116.0,88046.0,73857.0,48447.0,58688.0,54803.0,56672.0,41573.0,428757.0,17395.0,25424.0,301.0,33201.0,952.0
2021 13 Jan,1025738.0,96656.0,81494.0,54159.0,73871.0,60193.0,62223.0,45486.0,465955.0,19047.0,27636.0,329.0,37527.0,1162.0
2021 14 Jan,1130451.0,105952.0,89600.0,60396.0,91203.0,66192.0,68229.0,49896.0,503608.0,21035.0,30212.0,364.0,42378.0,1386.0
2021 15 Jan,1257004.0,116508.0,98672.0,67340.0,111846.0,73010.0,74935.0,54873.0,551516.0,23394.0,33761.0,406.0,49028.0,1715.0
2021 16 Jan,1379574.0,125706.0,106701.0,73409.0,128653.0,78736.0,80780.0,59143.0,608454.0,25375.0,36638.0,455.0,53620.0,1904.0
2021 17 Jan,1443162.0,132181.0,112518.0,77763.0,135863.0,82691.0,84693.0,61971.0,632674.0,26628.0,38353.0,483.0,55370.0,1974.0
2021 18 Jan,1502802.0,139594.0,119238.0,83293.0,143633.0,87332.0,89166.0,65219.0,645631.0,28056.0,40341.0,511.0,58604.0,2184.0
2021 19 Jan,1621851.0,148085.0,126630.0,89306.0,176540.0,92414.0,94381.0,69111.0,686910.0,30037.0,43533.0,553.0,61929.0,2422.0
2021 20 Jan,1760213.0,157318.0,134995.0,96215.0,219926.0,97944.0,100128.0,73430.0,731661.0,32424.0,47873.0,595.0,64995.0,2709.0
2021 21 Jan,1903601.0,166796.0,143458.0,103299.0,269934.0,103859.0,106057.0,77938.0,770406.0,35210.0,53606.0,637.0,69258.0,3143.0
2021 22 Jan,2101050.0,177226.0,152733.0,111314.0,349272.0,110712.0,112840.0,83349.0,821989.0,39039.0,61691.0,679.0,76398.0,3808.0
2021 23 Jan,2298044.0,185577.0,160489.0,117901.0,449435.0,116032.0,118279.0,87717.0,866460.0,42350.0,70098.0,721.0,78799.0,4186.0
2021 24 Jan,2376815.0,190638.0,165270.0,121709.0,484995.0,119294.0,121597.0,90447.0,879487.0,44527.0,74158.0,756.0,79625.0,4312.0
2021 25 Jan,2453206.0,196840.0,170800.0,126385.0,515445.0,123179.0,125531.0,93373.0,891744.0,46361.0,77875.0,784.0,80416.0,4473.0
2021 26 Jan,2550807.0,204099.0,177142.0,131810.0,557781.0,127582.0,129885.0,96796.0,906626.0,48657.0,83440.0,812.0,81431.0,4746.0
2021 27 Jan,2646476.0,210735.0,183015.0,136983.0,601447.0,131824.0,134071.0,100114.0,918820.0,51352.0,89866.0,847.0,82341.0,5061.0
2021 28 Jan,2785013.0,217658.0,189168.0,142205.0,676991.0,136178.0,138411.0,103642.0,935018.0,54859.0,101255.0,882.0,83328.0,5418.0
2021 29 Jan,2971024.0,225008.0,195881.0,147679.0,793030.0,140812.0,143304.0,107870.0,952588.0,59220.0,114317.0,924.0,84623.0,5768.0
2021 30 Jan,3159079.0,231049.0,201229.0,152131.0,919401.0,144620.0,147371.0,111139.0,965979.0,62748.0,131173.0,959.0,85323.0,5957.0
2021 31 Jan,3271940.0,235676.0,205296.0,155498.0,992530.0,147462.0,150206.0,113617.0,971691.0,66262.0,141064.0,994.0,85596.0,6048.0
2021 01 Feb,3374420.0,240100.0,209090.0,158592.0,1053507.0,150066.0,152908.0,116004.0,977844.0,71533.0,151340.0,1022.0,86177.0,6237.0
2021 02 Feb,3492531.0,244685.0,213129.0,161924.0,1124697.0,153118.0,155974.0,118804.0,983731.0,77238.0,164892.0,1043.0,86800.0,6496.0
2021 03 Feb,3642632.0,249655.0,217644.0,165641.0,1216810.0,156261.0,159425.0,122073.0,989674.0,84644.0,185220.0,1078.0,87640.0,6867.0
2021 04 Feb,3804675.0,255332.0,222495.0,169561.0,1312416.0,159957.0,163163.0,125685.0,995421.0,94017.0,209685.0,1113.0,88487.0,7343.0
2021 05 Feb,3962308.0,260834.0,227136.0,173334.0,1402555.0,163415.0,166943.0,129339.0,1000881.0,104160.0,235256.0,1141.0,89474.0,7840.0
2021 06 Feb,4163355.0,265664.0,231217.0,176729.0,1520673.0,166761.0,170569.0,132944.0,1004892.0,118524.0,275856.0,1183.0,90006.0,8337.0
2021 07 Feb,4264932.0,268576.0,233688.0,178682.0,1579662.0,168679.0,172746.0,135156.0,1006705.0,127043.0,294084.0,1204.0,90216.0,8491.0
2021 08 Feb,4360909.0,271544.0,236243.0,180887.0,1629635.0,170646.0,174776.0,137151.0,1009638.0,137543.0,312081.0,1225.0,90699.0,8841.0
2021 09 Feb,4493356.0,275408.0,239400.0,183568.0,1691788.0,173124.0,177583.0,140203.0,1013173.0,162372.0,334803.0,1260.0,91350.0,9324.0
2021 10 Feb,4635582.0,279720.0,242970.0,186592.0,1742363.0,175952.0,181048.0,144949.0,1017198.0,202846.0,358316.0,1288.0,92295.0,10045.0
2021 11 Feb,4804009.0,285103.0,247226.0,190120.0,1791902.0,179739.0,185773.0,152320.0,1020992.0,260939.0,384426.0,1358.0,93254.0,10857.0
2021 12 Feb,4980332.0,291760.0,252210.0,194054.0,1835673.0,184758.0,192003.0,162631.0,1024541.0,327915.0,407267.0,1463.0,94290.0,11767.0
2021 13 Feb,5162199.0,298641.0,257670.0,198744.0,1876539.0,189672.0,198163.0,174083.0,1026865.0,404831.0,428015.0,1547.0,94787.0,12642.0
2021 14 Feb,5239556.0,302694.0,260785.0,201131.0,1889048.0,192731.0,202384.0,179501.0,1027761.0,439152.0,434994.0,1582.0,94899.0,12894.0
2021 15 Feb,5321295.0,307433.0,264390.0,204106.0,1899954.0,196063.0,206514.0,185486.0,1029014.0,476798.0,441217.0,1624.0,95368.0,13328.0
2021 16 Feb,5451012.0,316001.0,270088.0,208383.0,1910125.0,203672.0,217035.0,203651.0,1030253.0,528696.0,451094.0,1792.0,95802.0,14420.0
2021 17 Feb,5629148.0,329245.0,278908.0,214676.0,1919309.0,217070.0,237034.0,234717.0,1031548.0,587727.0,464142.0,2142.0,96243.0,16387.0
2021 18 Feb,5788825.0,343217.0,287819.0,221102.0,1926323.0,230083.0,256291.0,262822.0,1032745.0,634088.0,476756.0,2478.0,96677.0,18424.0
2021 19 Feb,5918367.0,355579.0,296058.0,226989.0,1931692.0,240667.0,271348.0,284410.0,1033725.0,670047.0,487753.0,2807.0,97181.0,20111.0
2021 20 Feb,6043653.0,368151.0,304325.0,233100.0,1936298.0,251783.0,286552.0,306817.0,1034369.0,701680.0,498624.0,3045.0,97314.0,21595.0
2021 21 Feb,6091932.0,373681.0,308084.0,235662.0,1937740.0,256109.0,291963.0,314671.0,1034600.0,713748.0,503146.0,3115.0,97349.0,22064.0
2021 22 Feb,6152566.0,379883.0,312473.0,238805.0,1940036.0,261415.0,298459.0,323372.0,1035069.0,730310.0,509208.0,3178.0,97475.0,22883.0
2021 23 Feb,6269900.0,393554.0,321153.0,245077.0,1943221.0,273686.0,314965.0,344624.0,1035958.0,750295.0,521542.0,3577.0,97727.0,24521.0
2021 24 Feb,6432265.0,411740.0,333095.0,253414.0,1947449.0,289835.0,336637.0,378049.0,1036903.0,777595.0,538202.0,4144.0,98042.0,27160.0
2021 25 Feb,6610065.0,431522.0,346472.0,262962.0,1951957.0,307356.0,359737.0,416451.0,1037946.0,804090.0,558138.0,4732.0,98350.0,30352.0
2021 26 Feb,6797098.0,452340.0,360906.0,272699.0,1956150.0,325304.0,384370.0,459109.0,1038933.0,831544.0,578123.0,5565.0,98630.0,33425.0
2021 27 Feb,6944189.0,469462.0,373219.0,281673.0,1959006.0,339199.0,403774.0,492674.0,1039451.0,851396.0,593551.0,6167.0,98749.0,35868.0
2021 28 Feb,7010220.0,476938.0,378679.0,285299.0,1960224.0,344603.0,410242.0,510937.0,1039605.0,862547.0,599501.0,6286.0,98798.0,36561.0
2021 01 Mar,7066948.0,483280.0,383446.0,288407.0,1961344.0,348845.0,415296.0,529046.0,1039920.0,870646.0,604128.0,6314.0,98945.0,37331.0
2021 02 Mar,7132839.0,490035.0,388465.0,291543.0,1962604.0,354039.0,421729.0,552391.0,1040375.0,879074.0,608902.0,6384.0,99141.0,38157.0
2021 03 Mar,7232883.0,502733.0,397096.0,297178.0,1964200.0,363398.0,433202.0,584024.0,1040998.0,888405.0,616182.0,6489.0,99316.0,39662.0
2021 04 Mar,7367689.0,517804.0,408415.0,304374.0,1966377.0,376425.0,448868.0,628572.0,1041712.0,901215.0,625653.0,6664.0,99526.0,42084.0
2021 05 Mar,7513016.0,535080.0,420812.0,313061.0,1968953.0,390593.0,468552.0,673505.0,1042440.0,913731.0,634711.0,6881.0,99799.0,44898.0
2021 06 Mar,7666687.0,554995.0,434546.0,322042.0,1971004.0,406525.0,490147.0,720860.0,1042930.0,925169.0,644182.0,7091.0,99869.0,47327.0
2021 07 Mar,7719019.0,560266.0,438529.0,324758.0,1971466.0,410641.0,497028.0,743001.0,1043035.0,928648.0,646926.0,7133.0,99883.0,47705.0
2021 08 Mar,7781529.0,565495.0,442967.0,327600.0,1972327.0,414715.0,505932.0,770224.0,1043280.0,933527.0,649936.0,7154.0,100002.0,48370.0
2021 09 Mar,7850472.0,572257.0,447832.0,331023.0,1973286.0,420119.0,519337.0,795144.0,1043735.0,937860.0,653317.0,7224.0,100149.0,49189.0
2021 10 Mar,7929803.0,581007.0,454293.0,335482.0,1974252.0,426888.0,536865.0,820575.0,1044176.0,942053.0,656593.0,7350.0,100275.0,49994.0
2021 11 Mar,8008770.0,587916.0,459725.0,339605.0,1975169.0,434021.0,558117.0,845922.0,1044561.0,945728.0,659232.0,7595.0,100387.0,50792.0
2021 12 Mar,8140405.0,601909.0,470393.0,347389.0,1976478.0,450450.0,593250.0,880229.0,1045023.0,951300.0,663425.0,7861.0,100562.0,52136.0
2021 13 Mar,8342159.0,622510.0,484890.0,358386.0,1977892.0,486038.0,652582.0,924882.0,1045373.0,958041.0,668654.0,8316.0,100611.0,53984.0
2021 14 Mar,8437359.0,631729.0,491540.0,363293.0,1978459.0,499534.0,682983.0,948332.0,1045499.0,961527.0,670880.0,8414.0,100625.0,54544.0
2021 15 Mar,8572592.0,643832.0,500346.0,369460.0,1979306.0,516796.0,736442.0,976234.0,1045758.0,965909.0,673967.0,8442.0,100688.0,55412.0
2021 16 Mar,8730211.0,659127.0,510797.0,376971.0,1980132.0,546217.0,797629.0,1001322.0,1046059.0,969549.0,676690.0,8540.0,100821.0,56357.0
2021 17 Mar,8896930.0,676200.0,521927.0,384951.0,1980930.0,589834.0,855869.0,1022021.0,1046360.0,972468.0,679483.0,8750.0,100926.0,57211.0
2021 18 Mar,9095821.0,695478.0,533771.0,393540.0,1981791.0,659701.0,916293.0,1042650.0,1046724.0,975590.0,682101.0,9044.0,101080.0,58058.0
2021 19 Mar,9312422.0,719096.0,547141.0,402745.0,1982624.0,734258.0,982205.0,1064658.0,1047053.0,978418.0,684894.0,9219.0,101206.0,58905.0
2021 20 Mar,9611917.0,753235.0,564193.0,415758.0,1983464.0,856086.0,1061907.0,1088822.0,1047319.0,982135.0,688387.0,9450.0,101262.0,59899.0
2021 21 Mar,9738155.0,769797.0,572593.0,422359.0,1983786.0,901145.0,1098153.0,1099035.0,1047424.0,983234.0,689675.0,9492.0,101276.0,60186.0
2021 22 Mar,9850456.0,784189.0,580881.0,428582.0,1984234.0,941129.0,1129002.0,1107666.0,1047599.0,984522.0,691229.0,9548.0,101332.0,60543.0
2021 23 Mar,9964066.0,800989.0,590184.0,435610.0,1984787.0,981806.0,1156771.0,1115114.0,1047830.0,985845.0,692965.0,9751.0,101437.0,60977.0
2021 24 Mar,10076598.0,821352.0,600089.0,443569.0,1985410.0,1019487.0,1180683.0,1122450.0,1048110.0,987217.0,695009.0,10248.0,101542.0,61432.0
2021 25 Mar,10195276.0,847028.0,611632.0,452424.0,1986082.0,1057861.0,1202663.0,1129114.0,1048425.0,988624.0,696983.0,10815.0,101682.0,61943.0
2021 26 Mar,10329151.0,880222.0,625037.0,462322.0,1986782.0,1098790.0,1226218.0,1136212.0,1048726.0,989961.0,699279.0,11256.0,101850.0,62496.0
2021 27 Mar,10509499.0,933779.0,643216.0,476119.0,1987587.0,1151815.0,1253112.0,1144423.0,1049027.0,991676.0,701792.0,11732.0,101934.0,63287.0
2021 28 Mar,10604132.0,962990.0,653478.0,483651.0,1987923.0,1177456.0,1268134.0,1148448.0,1049146.0,992453.0,702996.0,11865.0,101962.0,63630.0
2021 29 Mar,10678255.0,984522.0,662053.0,490469.0,1988357.0,1196594.0,1279488.0,1151962.0,1049328.0,993307.0,704242.0,11893.0,102060.0,63980.0
2021 30 Mar,10751377.0,1007734.0,671370.0,497875.0,1988875.0,1213443.0,1289015.0,1155133.0,1049706.0,994252.0,705453.0,12068.0,102151.0,64302.0
2021 31 Mar,10826312.0,1030827.0,681688.0,506184.0,1989477.0,1230502.0,1298178.0,1157968.0,1049986.0,995134.0,706937.0,12446.0,102277.0,64708.0
2021 01 Apr,10876908.0,1049321.0,688870.0,511938.0,1989960.0,1238538.0,1304170.0,1159774.0,1050287.0,995722.0,708029.0,12908.0,102375.0,65016.0
2021 02 Apr,10907890.0,1058512.0,694638.0,515669.0,1990275.0,1243333.0,1308881.0,1160880.0,1050462.0,996002.0,708498.0,13153.0,102410.0,65177.0
2021 03 Apr,10939103.0,1067171.0,699986.0,519729.0,1990499.0,1248583.0,1314033.0,1162147.0,1050616.0,996303.0,708967.0,13335.0,102445.0,65289.0
2021 04 Apr,10953992.0,1071343.0,702702.0,521829.0,1990590.0,1250774.0,1316609.0,1162742.0,1050658.0,996429.0,709184.0,13342.0,102452.0,65338.0
2021 05 Apr,10961104.0,1073597.0,703787.0,522767.0,1990653.0,1251733.0,1317729.0,1163064.0,1050686.0,996513.0,709338.0,13405.0,102452.0,65380.0
2021 06 Apr,10980326.0,1082102.0,706405.0,524720.0,1990961.0,1254085.0,1319507.0,1163764.0,1050819.0,996779.0,709772.0,13419.0,102529.0,65464.0
2021 07 Apr,11004903.0,1091874.0,710451.0,527156.0,1991367.0,1257214.0,1321537.0,1164758.0,1051120.0,997164.0,710465.0,13580.0,102606.0,65611.0
2021 08 Apr,11025966.0,1099861.0,714084.0,528836.0,1991850.0,1260098.0,1323329.0,1165780.0,1051365.0,997556.0,711018.0,13755.0,102697.0,65737.0
2021 09 Apr,11052174.0,1110109.0,718536.0,530341.0,1992333.0,1264109.0,1325730.0,1166921.0,1051582.0,997997.0,711718.0,14056.0,102837.0,65905.0
2021 10 Apr,11082911.0,1124319.0,723471.0,532007.0,1992809.0,1268554.0,1328103.0,1167873.0,1051771.0,998389.0,712383.0,14315.0,102872.0,66045.0
2021 11 Apr,11097548.0,1131613.0,725921.0,532861.0,1992998.0,1270451.0,1328936.0,1168279.0,1051855.0,998550.0,712649.0,14441.0,102893.0,66101.0
2021 12 Apr,11106690.0,1134868.0,727720.0,533519.0,1993285.0,1271704.0,1329678.0,1168657.0,1051960.0,998795.0,712936.0,14483.0,102942.0,66143.0
2021 13 Apr,11123112.0,1144122.0,730065.0,534128.0,1993614.0,1273489.0,1330483.0,1169119.0,1052086.0,999026.0,713251.0,14518.0,103012.0,66199.0
2021 14 Apr,11153135.0,1164513.0,732795.0,535619.0,1993985.0,1276338.0,1331323.0,1169525.0,1052226.0,999250.0,713601.0,14602.0,103096.0,66262.0
2021 15 Apr,11192258.0,1194088.0,735042.0,536697.0,1994370.0,1279866.0,1332149.0,1169931.0,1052401.0,999495.0,713986.0,14714.0,103166.0,66353.0
2021 16 Apr,11233299.0,1224517.0,737541.0,538251.0,1994867.0,1283520.0,1332961.0,1170358.0,1052611.0,999740.0,714378.0,14889.0,103236.0,66430.0
2021 17 Apr,11280339.0,1260364.0,740299.0,539763.0,1995238.0,1287580.0,1333864.0,1170820.0,1052786.0,999999.0,714735.0,15120.0,103257.0,66514.0
2021 18 Apr,11311174.0,1282470.0,744268.0,540834.0,1995441.0,1289848.0,1334312.0,1171023.0,1052870.0,1000104.0,714938.0,15239.0,103264.0,66563.0
2021 19 Apr,11340476.0,1305920.0,745514.0,541471.0,1995693.0,1292368.0,1334739.0,1171268.0,1052961.0,1000237.0,715155.0,15260.0,103292.0,66598.0
2021 20 Apr,11369022.0,1327669.0,747348.0,542199.0,1995966.0,1294902.0,1335187.0,1171541.0,1053073.0,1000426.0,715435.0,15288.0,103334.0,66654.0
2021 21 Apr,11403434.0,1353688.0,750071.0,543123.0,1996295.0,1297555.0,1335754.0,1171849.0,1053213.0,1000622.0,715764.0,15393.0,103383.0,66724.0
2021 22 Apr,11441696.0,1382290.0,753116.0,544866.0,1996715.0,1300250.0,1336363.0,1172178.0,1053339.0,1000825.0,716079.0,15470.0,103418.0,66787.0
2021 23 Apr,11482240.0,1409933.0,759563.0,546259.0,1997121.0,1303036.0,1336993.0,1172514.0,1053444.0,1001056.0,716429.0,15582.0,103446.0,66864.0
2021 24 Apr,11534362.0,1448090.0,766045.0,547904.0,1997520.0,1306382.0,1337714.0,1172892.0,1053528.0,1001287.0,716828.0,15778.0,103460.0,66934.0
2021 25 Apr,11559513.0,1466591.0,768719.0,548877.0,1997835.0,1307978.0,1338071.0,1173123.0,1053577.0,1001399.0,717024.0,15876.0,103467.0,66976.0
2021 26 Apr,11582214.0,1483426.0,770959.0,549598.0,1998052.0,1309462.0,1338491.0,1173347.0,1053647.0,1001546.0,717276.0,15911.0,103488.0,67011.0
2021 27 Apr,11616654.0,1510474.0,773913.0,550592.0,1998339.0,1311086.0,1339030.0,1173641.0,1053738.0,1001728.0,717584.0,15960.0,103509.0,67060.0
2021 28 Apr,11654167.0,1539461.0,777588.0,551880.0,1998675.0,1312661.0,1339527.0,1173921.0,1053822.0,1001959.0,717927.0,16072.0,103544.0,67130.0
2021 29 Apr,11697161.0,1571241.0,783699.0,553252.0,1999004.0,1314187.0,1340066.0,1174236.0,1053927.0,1002225.0,718326.0,16191.0,103593.0,67214.0
2021 30 Apr,11739385.0,1603343.0,788746.0,554666.0,1999284.0,1315888.0,1340612.0,1174537.0,1054011.0,1002442.0,718683.0,16282.0,103621.0,67270.0
2021 01 May,11783842.0,1640408.0,792134.0,555562.0,1999522.0,1317344.0,1341074.0,1174782.0,1054067.0,1002631.0,718970.0,16373.0,103628.0,67347.0
2021 02 May,11811191.0,1663522.0,794080.0,556108.0,1999606.0,1318247.0,1341319.0,1174915.0,1054081.0,1002736.0,719117.0,16457.0,103635.0,67368.0
2021 03 May,11833248.0,1683542.0,794759.0,556325.0,1999690.0,1318856.0,1341473.0,1174992.0,1054102.0,1002813.0,719208.0,16471.0,103635.0,67382.0
2021 04 May,11869228.0,1715280.0,796558.0,556794.0,1999851.0,1319759.0,1341760.0,1175174.0,1054158.0,1002967.0,719397.0,16478.0,103649.0,67403.0
2021 05 May,11909856.0,1748236.0,800653.0,557795.0,2000068.0,1320725.0,1342187.0,1175426.0,1054228.0,1003184.0,719656.0,16562.0,103677.0,67459.0
2021 06 May,11948216.0,1777930.0,804391.0,559629.0,2000285.0,1321712.0,1342719.0,1175748.0,1054326.0,1003492.0,720027.0,16716.0,103698.0,67543.0
2021 07 May,11992708.0,1812468.0,809165.0,561743.0,2000495.0,1322916.0,1343202.0,1176077.0,1054382.0,1003737.0,720342.0,16863.0,103726.0,67592.0
2021 08 May,12045677.0,1856701.0,813190.0,563192.0,2000670.0,1324407.0,1343762.0,1176392.0,1054438.0,1003940.0,720629.0,16961.0,103733.0,67662.0
2021 09 May,12073978.0,1880494.0,815458.0,563829.0,2000747.0,1325170.0,1344056.0,1176539.0,1054459.0,1004045.0,720776.0,16996.0,103733.0,67676.0
2021 10 May,12101901.0,1903223.0,817593.0,564893.0,2000845.0,1325968.0,1344413.0,1176728.0,1054508.0,1004227.0,720972.0,17066.0,103754.0,67711.0
2021 11 May,12137489.0,1925882.0,824600.0,567994.0,2001006.0,1326976.0,1344903.0,1177008.0,1054557.0,1004444.0,721329.0,17227.0,103782.0,67781.0
2021 12 May,12197892.0,1950270.0,850472.0,574308.0,2001223.0,1328180.0,1345575.0,1177400.0,1054655.0,1004717.0,721847.0,17535.0,103810.0,67900.0
2021 13 May,12266779.0,1977906.0,879305.0,582526.0,2001447.0,1329531.0,1346268.0,1177855.0,1054725.0,1004969.0,722393.0,17997.0,103838.0,68019.0
2021 14 May,12338655.0,2007957.0,910133.0,589533.0,2001636.0,1330931.0,1346940.0,1178303.0,1054788.0,1005214.0,722918.0,18319.0,103866.0,68117.0
2021 15 May,12420373.0,2042404.0,946057.0,596561.0,2001825.0,1332506.0,1347689.0,1178758.0,1054837.0,1005452.0,723471.0,18704.0,103873.0,68236.0
2021 16 May,12461848.0,2059330.0,964187.0,600803.0,2001916.0,1333339.0,1348067.0,1178989.0,1054865.0,1005571.0,723737.0,18893.0,103880.0,68271.0
2021 17 May,12491066.0,2071965.0,976339.0,603253.0,2002014.0,1334018.0,1348396.0,1179255.0,1054907.0,1005704.0,723996.0,19012.0,103894.0,68313.0
2021 18 May,12547955.0,2086910.0,1007895.0,610736.0,2002175.0,1334949.0,1348914.0,1179584.0,1054956.0,1005914.0,724423.0,19194.0,103922.0,68383.0
2021 19 May,12642518.0,2106797.0,1065981.0,623133.0,2002378.0,1336328.0,1349649.0,1180074.0,1055026.0,1006201.0,724983.0,19516.0,103950.0,68502.0
2021 20 May,12730795.0,2124129.0,1121393.0,634690.0,2002595.0,1337588.0,1350342.0,1180578.0,1055117.0,1006467.0,725536.0,19803.0,103971.0,68586.0
2021 21 May,12799122.0,2139165.0,1164492.0,641592.0,2002763.0,1338666.0,1350902.0,1181047.0,1055187.0,1006649.0,726005.0,19999.0,103999.0,68656.0
2021 22 May,12864502.0,2156301.0,1204308.0,646709.0,2002931.0,1339912.0,1351532.0,1181488.0,1055236.0,1006852.0,726369.0,20146.0,104006.0,68712.0
2021 23 May,12903289.0,2164085.0,1231034.0,649292.0,2003015.0,1340570.0,1351861.0,1181719.0,1055257.0,1006950.0,726558.0,20209.0,104006.0,68733.0
2021 24 May,12939563.0,2170784.0,1257109.0,651000.0,2003120.0,1341172.0,1352211.0,1181992.0,1055292.0,1007076.0,726775.0,20251.0,104013.0,68768.0
2021 25 May,12999448.0,2178645.0,1299312.0,658224.0,2003267.0,1341949.0,1352757.0,1182328.0,1055341.0,1007265.0,727118.0,20370.0,104020.0,68852.0
2021 26 May,13081936.0,2187073.0,1357636.0,670754.0,2003449.0,1342880.0,1353394.0,1182713.0,1055411.0,1007447.0,727615.0,20594.0,104041.0,68929.0
2021 27 May,13165971.0,2195690.0,1419229.0,681317.0,2003624.0,1343846.0,1354094.0,1183119.0,1055495.0,1007643.0,728098.0,20741.0,104062.0,69013.0
2021 28 May,13231456.0,2203306.0,1467914.0,687729.0,2003799.0,1344700.0,1354647.0,1183476.0,1055551.0,1007811.0,728532.0,20839.0,104083.0,69069.0
2021 29 May,13287659.0,2210495.0,1508423.0,693567.0,2003939.0,1345582.0,1355249.0,1183812.0,1055593.0,1007972.0,728896.0,20930.0,104083.0,69118.0
2021 30 May,13327195.0,2214429.0,1539055.0,697067.0,2004002.0,1346037.0,1355585.0,1184015.0,1055607.0,1008070.0,729113.0,20993.0,104090.0,69132.0
2021 31 May,13355370.0,2216718.0,1558270.0,702667.0,2004058.0,1346380.0,1355830.0,1184162.0,1055628.0,1008126.0,729246.0,21049.0,104090.0,69146.0
2021 01 Jun,13385162.0,2219651.0,1579676.0,706699.0,2004135.0,1346821.0,1356180.0,1184351.0,1055649.0,1008224.0,729414.0,21098.0,104097.0,69167.0
2021 02 Jun,13435660.0,2223431.0,1615040.0,716093.0,2004247.0,1347416.0,1356593.0,1184575.0,1055691.0,1008336.0,729701.0,21210.0,104111.0,69216.0
2021 03 Jun,13490771.0,2227155.0,1652567.0,727671.0,2004373.0,1348088.0,1357083.0,1184841.0,1055747.0,1008462.0,730002.0,21392.0,104125.0,69265.0
2021 04 Jun,13545007.0,2230711.0,1688659.0,740194.0,2004478.0,1348711.0,1357559.0,1185093.0,1055782.0,1008595.0,730261.0,21525.0,104132.0,69307.0
2021 05 Jun,13612207.0,2235569.0,1730246.0,758331.0,2004590.0,1349551.0,1358126.0,1185373.0,1055831.0,1008728.0,730618.0,21735.0,104139.0,69370.0
2021 06 Jun,13650287.0,2238376.0,1755411.0,767018.0,2004660.0,1349985.0,1358455.0,1185527.0,1055852.0,1008798.0,730842.0,21833.0,104139.0,69391.0
2021 07 Jun,13685021.0,2241029.0,1779211.0,773857.0,2004737.0,1350412.0,1358770.0,1185674.0,1055873.0,1008903.0,731052.0,21931.0,104146.0,69426.0
2021 08 Jun,13724214.0,2243682.0,1803081.0,784910.0,2004842.0,1350846.0,1359092.0,1185842.0,1055915.0,1009001.0,731290.0,22099.0,104153.0,69461.0
2021 09 Jun,13783567.0,2247084.0,1829541.0,812350.0,2004947.0,1351448.0,1359477.0,1186094.0,1055957.0,1009120.0,731640.0,22232.0,104167.0,69510.0
2021 10 Jun,13845727.0,2250311.0,1856939.0,841890.0,2005066.0,1352015.0,1359848.0,1186304.0,1056006.0,1009239.0,731941.0,22393.0,104181.0,69594.0
2021 11 Jun,13909028.0,2253923.0,1885366.0,871087.0,2005192.0,1352631.0,1360268.0,1186479.0,1056055.0,1009386.0,732249.0,22568.0,104188.0,69636.0
2021 12 Jun,13994218.0,2258032.0,1915452.0,919478.0,2005304.0,1353310.0,1360751.0,1186738.0,1056104.0,1009477.0,732655.0,22988.0,104195.0,69734.0
2021 13 Jun,14042602.0,2260293.0,1932308.0,947436.0,2005367.0,1353681.0,1361010.0,1186864.0,1056125.0,1009533.0,732837.0,23177.0,104202.0,69769.0
2021 14 Jun,14082852.0,2262288.0,1946098.0,970704.0,2005451.0,1354031.0,1361283.0,1186990.0,1056153.0,1009589.0,732998.0,23247.0,104209.0,69811.0
2021 15 Jun,14136689.0,2264773.0,1961862.0,1004584.0,2005542.0,1354500.0,1361584.0,1187144.0,1056195.0,1009680.0,733229.0,23527.0,104209.0,69860.0
2021 16 Jun,14202076.0,2267503.0,1977472.0,1049776.0,2005661.0,1355011.0,1361913.0,1187326.0,1056230.0,1009778.0,733516.0,23730.0,104230.0,69930.0
2021 17 Jun,14280553.0,2270387.0,1994951.0,1105923.0,2005766.0,1355543.0,1362270.0,1187515.0,1056279.0,1009890.0,733852.0,23933.0,104237.0,70007.0
2021 18 Jun,14354606.0,2273341.0,2010848.0,1159347.0,2005857.0,1355998.0,1362620.0,1187697.0,1056321.0,1009981.0,734181.0,24094.0,104251.0,70070.0
2021 19 Jun,14451052.0,2277394.0,2028894.0,1230915.0,2005955.0,1356775.0,1363103.0,1187984.0,1056370.0,1010100.0,734622.0,24521.0,104258.0,70161.0
2021 20 Jun,14506107.0,2278997.0,2037511.0,1274700.0,2006004.0,1357062.0,1363285.0,1188082.0,1056391.0,1010142.0,734790.0,24682.0,104258.0,70203.0
2021 21 Jun,14552664.0,2280649.0,2044910.0,1311191.0,2006053.0,1357384.0,1363446.0,1188187.0,1056405.0,1010191.0,734972.0,24766.0,104265.0,70245.0
2021 22 Jun,14611548.0,2282700.0,2053478.0,1357979.0,2006137.0,1357790.0,1363719.0,1188320.0,1056426.0,1010275.0,735245.0,24878.0,104279.0,70322.0
2021 23 Jun,14678090.0,2284856.0,2063257.0,1411018.0,2006207.0,1358203.0,1363999.0,1188481.0,1056468.0,1010352.0,735511.0,25053.0,104286.0,70399.0
2021 24 Jun,14746690.0,2287159.0,2072854.0,1465982.0,2006312.0,1358651.0,1364272.0,1188663.0,1056503.0,1010450.0,735819.0,25249.0,104300.0,70476.0
2021 25 Jun,14809753.0,2289644.0,2082395.0,1515164.0,2006403.0,1359197.0,1364580.0,1188824.0,1056538.0,1010555.0,736141.0,25452.0,104314.0,70546.0
2021 26 Jun,14888013.0,2293438.0,2094372.0,1574818.0,2006529.0,1360030.0,1365098.0,1189132.0,1056587.0,1010709.0,736547.0,25781.0,104321.0,70651.0
2021 27 Jun,14934479.0,2295510.0,2101015.0,1611078.0,2006592.0,1360492.0,1365364.0,1189279.0,1056608.0,1010793.0,736757.0,25963.0,104321.0,70707.0
2021 28 Jun,14968310.0,2296896.0,2105572.0,1637923.0,2006648.0,1360758.0,1365553.0,1189398.0,1056636.0,1010856.0,736953.0,26047.0,104328.0,70742.0
2021 29 Jun,15008147.0,2298499.0,2111368.0,1669101.0,2006711.0,1361094.0,1365784.0,1189524.0,1056664.0,1010933.0,737177.0,26152.0,104335.0,70805.0
2021 30 Jun,15051267.0,2300459.0,2118165.0,1701868.0,2006802.0,1361521.0,1366064.0,1189699.0,1056692.0,1011003.0,737464.0,26320.0,104342.0,70868.0
2021 01 Jul,15096298.0,2302349.0,2124920.0,1736637.0,2006907.0,1361906.0,1366365.0,1189860.0,1056727.0,1011101.0,737744.0,26495.0,104356.0,70931.0
2021 02 Jul,15131781.0,2304176.0,2130709.0,1763090.0,2006984.0,1362291.0,1366589.0,1190000.0,1056755.0,1011199.0,737968.0,26663.0,104363.0,70994.0
2021 03 Jul,15176861.0,2306521.0,2137772.0,1796935.0,2007068.0,1362823.0,1366897.0,1190168.0,1056776.0,1011297.0,738248.0,26929.0,104363.0,71064.0
2021 04 Jul,15200248.0,2307613.0,2141377.0,1814785.0,2007110.0,1363082.0,1367051.0,1190259.0,1056790.0,1011332.0,738367.0,27013.0,104370.0,71099.0
2021 05 Jul,15221360.0,2308810.0,2144758.0,1830339.0,2007159.0,1363383.0,1367219.0,1190357.0,1056804.0,1011388.0,738535.0,27097.0,104370.0,71141.0
2021 06 Jul,15247239.0,2310217.0,2148979.0,1849491.0,2007222.0,1363684.0,1367408.0,1190476.0,1056825.0,1011451.0,738731.0,27195.0,104377.0,71183.0
2021 07 Jul,15275043.0,2311974.0,2154124.0,1868958.0,2007299.0,1364055.0,1367653.0,1190651.0,1056860.0,1011521.0,738969.0,27342.0,104391.0,71246.0
2021 08 Jul,15304387.0,2313738.0,2159283.0,1889902.0,2007390.0,1364440.0,1367912.0,1190784.0,1056881.0,1011619.0,739221.0,27545.0,104391.0,71281.0
2021 09 Jul,15331449.0,2315593.0,2164589.0,1908270.0,2007502.0,1364853.0,1368157.0,1190938.0,1056909.0,1011696.0,739487.0,27713.0,104405.0,71337.0
2021 10 Jul,15361332.0,2317931.0,2170700.0,1927919.0,2007593.0,1365385.0,1368458.0,1191106.0,1056937.0,1011794.0,739767.0,27923.0,104412.0,71407.0
2021 11 Jul,15374835.0,2318953.0,2173563.0,1936746.0,2007621.0,1365623.0,1368626.0,1191190.0,1056944.0,1011836.0,739893.0,28000.0,104412.0,71428.0
2021 12 Jul,15387785.0,2319961.0,2176258.0,1945223.0,2007663.0,1365854.0,1368766.0,1191267.0,1056965.0,1011871.0,740019.0,28077.0,104419.0,71442.0
2021 13 Jul,15403437.0,2321088.0,2179611.0,1955415.0,2007726.0,1366106.0,1368920.0,1191372.0,1056986.0,1011934.0,740187.0,28196.0,104426.0,71470.0
2021 14 Jul,15422512.0,2322474.0,2183727.0,1967693.0,2007803.0,1366435.0,1369116.0,1191505.0,1057007.0,1011997.0,740404.0,28406.0,104433.0,71512.0
2021 15 Jul,15441734.0,2324007.0,2188130.0,1979593.0,2007873.0,1366771.0,1369361.0,1191638.0,1057035.0,1012088.0,740663.0,28567.0,104440.0,71568.0
2021 16 Jul,15460011.0,2325610.0,2192897.0,1990128.0,2007950.0,1367135.0,1369592.0,1191778.0,1057063.0,1012165.0,740880.0,28735.0,104447.0,71631.0
2021 17 Jul,15483811.0,2327710.0,2198399.0,2004345.0,2008041.0,1367625.0,1369942.0,1191960.0,1057098.0,1012256.0,741139.0,29162.0,104447.0,71687.0
2021 18 Jul,15494920.0,2328697.0,2201129.0,2010932.0,2008069.0,1367842.0,1370089.0,1192023.0,1057105.0,1012305.0,741237.0,29337.0,104447.0,71708.0
2021 19 Jul,15505854.0,2329684.0,2203810.0,2017484.0,2008111.0,1368052.0,1370222.0,1192093.0,1057119.0,1012340.0,741342.0,29407.0,104454.0,71736.0
2021 20 Jul,15517481.0,2330650.0,2206638.0,2024442.0,2008167.0,1368283.0,1370362.0,1192184.0,1057140.0,1012403.0,741461.0,29547.0,104454.0,71750.0
2021 21 Jul,15531376.0,2331882.0,2209921.0,2032730.0,2008223.0,1368542.0,1370537.0,1192296.0,1057168.0,1012459.0,741615.0,29750.0,104461.0,71792.0
2021 22 Jul,15544879.0,2333065.0,2213113.0,2040682.0,2008300.0,1368850.0,1370712.0,1192408.0,1057189.0,1012515.0,741790.0,29967.0,104468.0,71820.0
2021 23 Jul,15557710.0,2334262.0,2216284.0,2047983.0,2008356.0,1369102.0,1370901.0,1192513.0,1057210.0,1012564.0,741944.0,30261.0,104475.0,71855.0
2021 24 Jul,15572746.0,2335725.0,2220043.0,2056425.0,2008412.0,1369410.0,1371132.0,1192632.0,1057217.0,1012634.0,742119.0,30632.0,104475.0,71890.0
2021 25 Jul,15581265.0,2336502.0,2222150.0,2061444.0,2008433.0,1369578.0,1371244.0,1192695.0,1057217.0,1012662.0,742203.0,30751.0,104475.0,71911.0
2021 26 Jul,15589931.0,2337223.0,2224215.0,2066561.0,2008461.0,1369767.0,1371356.0,1192758.0,1057231.0,1012697.0,742322.0,30919.0,104482.0,71939.0
2021 27 Jul,15599598.0,2338056.0,2226588.0,2072126.0,2008496.0,1369963.0,1371496.0,1192835.0,1057252.0,1012739.0,742448.0,31150.0,104489.0,71960.0
2021 28 Jul,15611022.0,2339050.0,2229360.0,2078671.0,2008552.0,1370215.0,1371636.0,1192919.0,1057273.0,1012781.0,742588.0,31493.0,104496.0,71988.0
2021 29 Jul,15622292.0,2340009.0,2231950.0,2085174.0,2008622.0,1370460.0,1371797.0,1193010.0,1057287.0,1012837.0,742749.0,31864.0,104503.0,72030.0
2021 30 Jul,15632547.0,2340926.0,2234512.0,2090809.0,2008664.0,1370684.0,1371951.0,1193101.0,1057301.0,1012893.0,742882.0,32249.0,104503.0,72072.0
2021 31 Jul,15645602.0,2342109.0,2237725.0,2097851.0,2008720.0,1370971.0,1372119.0,1193192.0,1057329.0,1012949.0,743050.0,32970.0,104503.0,72114.0
2021 01 Aug,15652826.0,2342683.0,2239545.0,2102093.0,2008741.0,1371111.0,1372203.0,1193241.0,1057336.0,1012956.0,743134.0,33152.0,104503.0,72128.0
2021 02 Aug,15660428.0,2343425.0,2241407.0,2106363.0,2008769.0,1371265.0,1372301.0,1193311.0,1057350.0,1013005.0,743239.0,33341.0,104510.0,72142.0
2021 03 Aug,15669122.0,2344153.0,2243507.0,2111270.0,2008818.0,1371454.0,1372448.0,1193374.0,1057371.0,1013047.0,743379.0,33614.0,104510.0,72177.0
2021 04 Aug,15679048.0,2344986.0,2245887.0,2116793.0,2008867.0,1371664.0,1372574.0,1193465.0,1057392.0,1013089.0,743533.0,34069.0,104517.0,72212.0
2021 05 Aug,15688939.0,2345812.0,2248225.0,2122246.0,2008916.0,1371881.0,1372721.0,1193549.0,1057413.0,1013131.0,743659.0,34615.0,104517.0,72254.0
2021 06 Aug,15698487.0,2346729.0,2250612.0,2127153.0,2008958.0,1372098.0,1372896.0,1193640.0,1057434.0,1013180.0,743799.0,35189.0,104524.0,72275.0
2021 07 Aug,15712620.0,2347779.0,2253552.0,2133439.0,2009007.0,1372378.0,1373064.0,1193766.0,1057441.0,1013229.0,743974.0,38150.0,104524.0,72317.0
2021 08 Aug,15720516.0,2348297.0,2255085.0,2136876.0,2009028.0,1372525.0,1373162.0,1193801.0,1057455.0,1013250.0,744044.0,40138.0,104524.0,72331.0
2021 09 Aug,15727908.0,2348913.0,2256856.0,2140740.0,2009049.0,1372679.0,1373274.0,1193857.0,1057469.0,1013271.0,744135.0,40782.0,104531.0,72352.0
2021 10 Aug,15737680.0,2349613.0,2258830.0,2144681.0,2009105.0,1372854.0,1373400.0,1193941.0,1057483.0,1013306.0,744254.0,43309.0,104531.0,72373.0
2021 11 Aug,15750385.0,2350453.0,2261028.0,2149434.0,2009140.0,1373071.0,1373533.0,1194025.0,1057497.0,1013355.0,744387.0,47530.0,104531.0,72401.0
2021 12 Aug,15763573.0,2351293.0,2263240.0,2154145.0,2009196.0,1373281.0,1373645.0,1194144.0,1057518.0,1013404.0,744527.0,52220.0,104538.0,72422.0
2021 13 Aug,15774717.0,2351951.0,2265235.0,2158268.0,2009238.0,1373456.0,1373750.0,1194221.0,1057532.0,1013453.0,744646.0,55979.0,104538.0,72450.0
2021 14 Aug,15790348.0,2352812.0,2267552.0,2162965.0,2009273.0,1373673.0,1373883.0,1194305.0,1057546.0,1013495.0,744779.0,63014.0,104545.0,72506.0
2021 15 Aug,15800666.0,2353246.0,2268791.0,2165982.0,2009287.0,1373785.0,1373946.0,1194347.0,1057553.0,1013516.0,744842.0,68306.0,104545.0,72520.0
2021 16 Aug,15810991.0,2353841.0,2270282.0,2169468.0,2009315.0,1373932.0,1374030.0,1194417.0,1057567.0,1013544.0,744947.0,72562.0,104545.0,72541.0
2021 17 Aug,15823535.0,2354436.0,2271829.0,2173129.0,2009350.0,1374072.0,1374135.0,1194480.0,1057574.0,1013579.0,745052.0,78785.0,104545.0,72569.0
2021 18 Aug,15839649.0,2355066.0,2273621.0,2177252.0,2009385.0,1374247.0,1374240.0,1194536.0,1057588.0,1013614.0,745185.0,87766.0,104552.0,72597.0
2021 19 Aug,15856246.0,2355696.0,2275350.0,2181200.0,2009427.0,1374401.0,1374352.0,1194606.0,1057602.0,1013656.0,745311.0,97447.0,104559.0,72639.0
2021 20 Aug,15876385.0,2356333.0,2277261.0,2185127.0,2009469.0,1374562.0,1374464.0,1194676.0,1057616.0,1013705.0,745444.0,110502.0,104559.0,72667.0
2021 21 Aug,15900675.0,2357152.0,2279305.0,2189803.0,2009511.0,1374765.0,1374597.0,1194767.0,1057630.0,1013740.0,745570.0,126560.0,104566.0,72709.0
2021 22 Aug,15913198.0,2357509.0,2280397.0,2192372.0,2009525.0,1374877.0,1374653.0,1194802.0,1057637.0,1013754.0,745626.0,134750.0,104566.0,72730.0
2021 23 Aug,15927142.0,2357957.0,2281622.0,2195361.0,2009546.0,1374975.0,1374751.0,1194844.0,1057651.0,1013789.0,745710.0,143612.0,104566.0,72758.0
2021 24 Aug,15946070.0,2358552.0,2283281.0,2199113.0,2009588.0,1375129.0,1374849.0,1194900.0,1057665.0,1013824.0,745836.0,155967.0,104566.0,72800.0
2021 25 Aug,15966832.0,2359238.0,2285017.0,2202949.0,2009623.0,1375311.0,1374961.0,1194984.0,1057686.0,1013866.0,745983.0,169792.0,104573.0,72849.0
2021 26 Aug,15983821.0,2359910.0,2286697.0,2206610.0,2009658.0,1375486.0,1375073.0,1195061.0,1057700.0,1013908.0,746116.0,180131.0,104573.0,72898.0
2021 27 Aug,15997828.0,2360540.0,2288328.0,2209851.0,2009693.0,1375640.0,1375171.0,1195117.0,1057714.0,1013950.0,746256.0,188055.0,104580.0,72933.0
2021 28 Aug,16012353.0,2361142.0,2290036.0,2213197.0,2009714.0,1375773.0,1375255.0,1195166.0,1057728.0,1013978.0,746340.0,196476.0,104580.0,72968.0
2021 29 Aug,16020179.0,2361471.0,2290946.0,2215094.0,2009721.0,1375850.0,1375311.0,1195194.0,1057728.0,1013985.0,746403.0,200914.0,104580.0,72982.0
2021 30 Aug,16026164.0,2361737.0,2291681.0,2216655.0,2009728.0,1375906.0,1375339.0,1195215.0,1057728.0,1013999.0,746445.0,204162.0,104580.0,72989.0
2021 31 Aug,16038974.0,2362227.0,2292983.0,2219539.0,2009770.0,1376032.0,1375416.0,1195264.0,1057742.0,1014027.0,746543.0,211820.0,104587.0,73024.0
2021 01 Sep,16051427.0,2362731.0,2294348.0,2222710.0,2009805.0,1376158.0,1375521.0,1195313.0,1057749.0,1014055.0,746627.0,218764.0,104587.0,73059.0
2021 02 Sep,16063040.0,2363242.0,2295776.0,2225902.0,2009826.0,1376298.0,1375591.0,1195362.0,1057756.0,1014090.0,746732.0,224791.0,104587.0,73087.0
2021 03 Sep,16074464.0,2363858.0,2297435.0,2229143.0,2009854.0,1376417.0,1375696.0,1195418.0,1057770.0,1014118.0,746858.0,230188.0,104587.0,73122.0
2021 04 Sep,16086945.0,2364516.0,2299220.0,2232783.0,2009889.0,1376578.0,1375801.0,1195460.0,1057777.0,1014146.0,746984.0,236040.0,104587.0,73164.0
2021 05 Sep,16092937.0,2364824.0,2300144.0,2234778.0,2009903.0,1376669.0,1375850.0,1195495.0,1057784.0,1014160.0,747033.0,238539.0,104587.0,73171.0
2021 06 Sep,16099566.0,2365251.0,2301320.0,2237193.0,2009931.0,1376781.0,1375920.0,1195544.0,1057791.0,1014181.0,747124.0,240751.0,104587.0,73192.0
2021 07 Sep,16106454.0,2365692.0,2302496.0,2239811.0,2009952.0,1376893.0,1375997.0,1195586.0,1057791.0,1014202.0,747229.0,243005.0,104594.0,73206.0
2021 08 Sep,16113692.0,2366189.0,2303861.0,2242562.0,2009994.0,1377012.0,1376060.0,1195628.0,1057812.0,1014230.0,747320.0,245196.0,104594.0,73234.0
2021 09 Sep,16121105.0,2366721.0,2305212.0,2245383.0,2010029.0,1377117.0,1376137.0,1195684.0,1057826.0,1014265.0,747404.0,247478.0,104594.0,73255.0
2021 10 Sep,16128714.0,2367302.0,2306724.0,2248309.0,2010057.0,1377257.0,1376242.0,1195733.0,1057833.0,1014279.0,747509.0,249606.0,104594.0,73269.0
2021 11 Sep,16137618.0,2367869.0,2308390.0,2251382.0,2010085.0,1377425.0,1376361.0,1195789.0,1057840.0,1014307.0,747621.0,252651.0,104594.0,73304.0
2021 12 Sep,16142119.0,2368170.0,2309307.0,2253209.0,2010085.0,1377516.0,1376410.0,1195817.0,1057847.0,1014314.0,747670.0,253869.0,104594.0,73311.0
2021 13 Sep,16147537.0,2368576.0,2310392.0,2255414.0,2010106.0,1377621.0,1376473.0,1195873.0,1057847.0,1014335.0,747754.0,255227.0,104594.0,73325.0
2021 14 Sep,16153151.0,2369059.0,2311512.0,2257514.0,2010120.0,1377712.0,1376543.0,1195922.0,1057854.0,1014356.0,747838.0,256781.0,104601.0,73339.0
2021 15 Sep,16159941.0,2369619.0,2312786.0,2259901.0,2010141.0,1377866.0,1376648.0,1195971.0,1057861.0,1014384.0,747971.0,258825.0,104601.0,73367.0
2021 16 Sep,16166108.0,2370151.0,2314095.0,2262197.0,2010176.0,1377985.0,1376739.0,1196020.0,1057875.0,1014412.0,748076.0,260386.0,104608.0,73388.0
2021 17 Sep,16171855.0,2370718.0,2315348.0,2264227.0,2010197.0,1378111.0,1376823.0,1196062.0,1057889.0,1014433.0,748174.0,261863.0,104608.0,73402.0
2021 18 Sep,16179051.0,2371320.0,2316769.0,2266831.0,2010225.0,1378244.0,1376921.0,1196111.0,1057910.0,1014461.0,748286.0,263942.0,104608.0,73423.0
2021 19 Sep,16182866.0,2371628.0,2317560.0,2268266.0,2010232.0,1378321.0,1376963.0,1196132.0,1057910.0,1014475.0,748321.0,265020.0,104608.0,73430.0
2021 20 Sep,16187892.0,2372132.0,2318750.0,2270177.0,2010253.0,1378447.0,1377033.0,1196181.0,1057910.0,1014510.0,748433.0,266014.0,104608.0,73444.0
2021 21 Sep,16193324.0,2372657.0,2319975.0,2272165.0,2010288.0,1378573.0,1377124.0,1196237.0,1057931.0,1014545.0,748538.0,267218.0,104615.0,73458.0
2021 22 Sep,16198336.0,2373119.0,2321172.0,2274062.0,2010323.0,1378671.0,1377215.0,1196286.0,1057973.0,1014587.0,748629.0,268177.0,104636.0,73486.0
2021 23 Sep,16203705.0,2373588.0,2322348.0,2275966.0,2010351.0,1378811.0,1377320.0,1196335.0,1058015.0,1014629.0,748734.0,269451.0,104650.0,73507.0
2021 24 Sep,16208920.0,2374106.0,2323531.0,2277835.0,2010393.0,1378965.0,1377425.0,1196398.0,1058099.0,1014657.0,748839.0,270501.0,104650.0,73521.0
2021 25 Sep,16214457.0,2374582.0,2324742.0,2279746.0,2010435.0,1379098.0,1377516.0,1196447.0,1058218.0,1014692.0,748937.0,271852.0,104657.0,73535.0
2021 26 Sep,16217579.0,2374848.0,2325400.0,2280852.0,2010456.0,1379175.0,1377579.0,1196468.0,1058260.0,1014713.0,748972.0,272657.0,104657.0,73542.0
2021 27 Sep,16221513.0,2375205.0,2326296.0,2282364.0,2010491.0,1379259.0,1377670.0,1196517.0,1058323.0,1014734.0,749056.0,273364.0,104678.0,73556.0
2021 28 Sep,16225895.0,2375569.0,2327213.0,2283918.0,2010533.0,1379385.0,1377747.0,1196573.0,1058407.0,1014762.0,749147.0,274358.0,104713.0,73570.0
2021 29 Sep,16230809.0,2375961.0,2328214.0,2285619.0,2010582.0,1379490.0,1377824.0,1196622.0,1058512.0,1014804.0,749245.0,275604.0,104741.0,73591.0
2021 30 Sep,16235954.0,2376395.0,2329243.0,2287278.0,2010673.0,1379623.0,1377936.0,1196685.0,1058631.0,1014839.0,749322.0,276941.0,104790.0,73598.0
2021 01 Oct,16241421.0,2376850.0,2330307.0,2289021.0,2010750.0,1379770.0,1378034.0,1196755.0,1058715.0,1014867.0,749420.0,278495.0,104825.0,73612.0
2021 02 Oct,16246846.0,2377270.0,2331280.0,2290694.0,2010813.0,1379903.0,1378104.0,1196804.0,1058806.0,1014909.0,749504.0,280294.0,104839.0,73626.0
2021 03 Oct,16250311.0,2377480.0,2331882.0,2291744.0,2010855.0,1379973.0,1378160.0,1196832.0,1058855.0,1014916.0,749560.0,281589.0,104839.0,73626.0
2021 04 Oct,16254644.0,2377837.0,2332792.0,2293123.0,2010925.0,1380078.0,1378223.0,1196888.0,1058932.0,1014951.0,749630.0,282751.0,104881.0,73633.0
2021 05 Oct,16259397.0,2378257.0,2333807.0,2294670.0,2011002.0,1380176.0,1378321.0,1196937.0,1059023.0,1014979.0,749728.0,283934.0,104916.0,73647.0
2021 06 Oct,16264829.0,2378656.0,2334906.0,2296455.0,2011128.0,1380302.0,1378426.0,1196986.0,1059135.0,1015021.0,749840.0,285327.0,104979.0,73668.0
2021 07 Oct,16269666.0,2379069.0,2335823.0,2298107.0,2011240.0,1380421.0,1378517.0,1197035.0,1059247.0,1015063.0,749931.0,286503.0,105028.0,73682.0
2021 08 Oct,16275042.0,2379489.0,2337041.0,2299717.0,2011352.0,1380554.0,1378608.0,1197091.0,1059352.0,1015112.0,750050.0,287903.0,105084.0,73689.0
2021 09 Oct,16280880.0,2379972.0,2338084.0,2301558.0,2011527.0,1380701.0,1378706.0,1197147.0,1059492.0,1015161.0,750176.0,289541.0,105119.0,73696.0
2021 10 Oct,16284205.0,2380231.0,2338742.0,2302650.0,2011590.0,1380792.0,1378755.0,1197161.0,1059548.0,1015189.0,750225.0,290500.0,105119.0,73703.0
2021 11 Oct,16288328.0,2380602.0,2339645.0,2304064.0,2011667.0,1380904.0,1378832.0,1197217.0,1059618.0,1015217.0,750316.0,291347.0,105175.0,73724.0
2021 12 Oct,16292745.0,2380980.0,2340646.0,2305604.0,2011765.0,1381016.0,1378944.0,1197280.0,1059716.0,1015259.0,750421.0,292138.0,105245.0,73731.0
2021 13 Oct,16297582.0,2381400.0,2341668.0,2307333.0,2011863.0,1381128.0,1379028.0,1197329.0,1059828.0,1015308.0,750540.0,293090.0,105322.0,73745.0
2021 14 Oct,16302412.0,2381792.0,2342795.0,2308887.0,2011996.0,1381254.0,1379112.0,1197385.0,1059933.0,1015350.0,750659.0,294063.0,105420.0,73766.0
2021 15 Oct,16307613.0,2382240.0,2343908.0,2310637.0,2012143.0,1381394.0,1379203.0,1197455.0,1060017.0,1015413.0,750778.0,295141.0,105497.0,73787.0
2021 16 Oct,16313122.0,2382730.0,2345042.0,2312401.0,2012353.0,1381534.0,1379322.0,1197532.0,1060122.0,1015462.0,750911.0,296387.0,105532.0,73794.0
2021 17 Oct,16315992.0,2382982.0,2345665.0,2313395.0,2012416.0,1381583.0,1379364.0,1197560.0,1060171.0,1015490.0,750953.0,297073.0,105539.0,73801.0
2021 18 Oct,16319751.0,2383325.0,2346533.0,2314739.0,2012521.0,1381688.0,1379427.0,1197602.0,1060241.0,1015525.0,751037.0,297689.0,105609.0,73815.0
2021 19 Oct,16323839.0,2383682.0,2347408.0,2316153.0,2012654.0,1381800.0,1379504.0,1197665.0,1060318.0,1015588.0,751156.0,298382.0,105700.0,73829.0
2021 20 Oct,16328921.0,2384116.0,2348479.0,2317903.0,2012843.0,1381933.0,1379609.0,1197721.0,1060416.0,1015651.0,751261.0,299327.0,105812.0,73850.0
2021 21 Oct,16333947.0,2384515.0,2349536.0,2319611.0,2013046.0,1382045.0,1379707.0,1197805.0,1060528.0,1015742.0,751387.0,300258.0,105910.0,73857.0
2021 22 Oct,16338889.0,2384928.0,2350586.0,2321158.0,2013284.0,1382178.0,1379805.0,1197882.0,1060640.0,1015833.0,751499.0,301238.0,105980.0,73878.0
2021 23 Oct,16344811.0,2385425.0,2351839.0,2323104.0,2013543.0,1382318.0,1379917.0,1197966.0,1060738.0,1015938.0,751653.0,302477.0,105994.0,73899.0
2021 24 Oct,16348101.0,2385719.0,2352476.0,2324203.0,2013662.0,1382395.0,1379966.0,1198015.0,1060787.0,1015987.0,751716.0,303261.0,106008.0,73906.0
2021 25 Oct,16352217.0,2386034.0,2353260.0,2325568.0,2013809.0,1382493.0,1380043.0,1198071.0,1060850.0,1016064.0,751800.0,304255.0,106050.0,73920.0
2021 26 Oct,16356613.0,2386370.0,2354079.0,2327003.0,2013991.0,1382605.0,1380120.0,1198120.0,1060948.0,1016127.0,751919.0,305263.0,106134.0,73934.0
2021 27 Oct,16361618.0,2386776.0,2354961.0,2328599.0,2014180.0,1382724.0,1380211.0,1198211.0,1061046.0,1016211.0,752066.0,306446.0,106232.0,73955.0
2021 28 Oct,16365979.0,2387119.0,2355759.0,2329929.0,2014404.0,1382822.0,1380288.0,1198288.0,1061137.0,1016302.0,752185.0,307461.0,106316.0,73969.0
2021 29 Oct,16370382.0,2387490.0,2356648.0,2331217.0,2014600.0,1382955.0,1380393.0,1198372.0,1061214.0,1016407.0,752297.0,308420.0,106379.0,73990.0
2021 30 Oct,16374582.0,2387868.0,2357474.0,2332484.0,2014859.0,1383081.0,1380498.0,1198456.0,1061298.0,1016519.0,752430.0,309211.0,106407.0,73997.0
2021 31 Oct,16376913.0,2388071.0,2357957.0,2333261.0,2014964.0,1383144.0,1380547.0,1198491.0,1061319.0,1016568.0,752493.0,309673.0,106414.0,74011.0
2021 01 Nov,16380350.0,2388351.0,2358706.0,2334465.0,2015111.0,1383263.0,1380617.0,1198561.0,1061368.0,1016652.0,752577.0,310191.0,106463.0,74025.0
2021 02 Nov,16384060.0,2388680.0,2359525.0,2335662.0,2015328.0,1383368.0,1380715.0,1198645.0,1061452.0,1016778.0,752682.0,310653.0,106526.0,74046.0
2021 03 Nov,16388022.0,2389044.0,2360274.0,2337020.0,2015545.0,1383494.0,1380806.0,1198729.0,1061543.0,1016918.0,752794.0,311213.0,106582.0,74060.0
2021 04 Nov,16391676.0,2389338.0,2361009.0,2338175.0,2015783.0,1383599.0,1380890.0,1198834.0,1061627.0,1017051.0,752899.0,311766.0,106631.0,74074.0
2021 05 Nov,16395778.0,2389737.0,2361912.0,2339484.0,2015979.0,1383732.0,1381002.0,1198932.0,1061697.0,1017177.0,753032.0,312354.0,106652.0,74088.0
2021 06 Nov,16400643.0,2390171.0,2362906.0,2340940.0,2016245.0,1383886.0,1381128.0,1199044.0,1061781.0,1017345.0,753179.0,313257.0,106659.0,74102.0
2021 07 Nov,16403037.0,2390367.0,2363382.0,2341682.0,2016371.0,1383949.0,1381205.0,1199107.0,1061816.0,1017436.0,753228.0,313719.0,106666.0,74109.0
2021 08 Nov,16406446.0,2390682.0,2364145.0,2342865.0,2016525.0,1384040.0,1381289.0,1199198.0,1061858.0,1017576.0,753312.0,314160.0,106680.0,74116.0
2021 09 Nov,16410254.0,2391067.0,2364943.0,2344146.0,2016700.0,1384152.0,1381408.0,1199310.0,1061928.0,1017751.0,753424.0,314594.0,106708.0,74123.0
2021 10 Nov,16414587.0,2391410.0,2365860.0,2345651.0,2016875.0,1384306.0,1381534.0,1199457.0,1062005.0,1017912.0,753550.0,315133.0,106757.0,74137.0
2021 11 Nov,16418696.0,2391788.0,2366693.0,2347016.0,2017078.0,1384432.0,1381667.0,1199597.0,1062061.0,1018108.0,753690.0,315637.0,106778.0,74151.0
2021 12 Nov,16422924.0,2392166.0,2367603.0,2348430.0,2017246.0,1384593.0,1381786.0,1199744.0,1062124.0,1018283.0,753823.0,316148.0,106813.0,74165.0
2021 13 Nov,16428062.0,2392656.0,2368646.0,2349991.0,2017505.0,1384775.0,1381961.0,1199912.0,1062208.0,1018514.0,753984.0,316904.0,106820.0,74186.0
2021 14 Nov,16430988.0,2392922.0,2369290.0,2350922.0,2017568.0,1384873.0,1382066.0,1200017.0,1062229.0,1018626.0,754061.0,317401.0,106820.0,74193.0
2021 15 Nov,16434320.0,2393251.0,2370018.0,2352007.0,2017694.0,1384999.0,1382185.0,1200157.0,1062271.0,1018766.0,754159.0,317765.0,106848.0,74200.0
2021 16 Nov,16438184.0,2393622.0,2370858.0,2353204.0,2017848.0,1385153.0,1382360.0,1200325.0,1062313.0,1018948.0,754271.0,318192.0,106876.0,74214.0
2021 17 Nov,16442342.0,2393986.0,2371719.0,2354555.0,2018009.0,1385314.0,1382514.0,1200514.0,1062369.0,1019123.0,754383.0,318710.0,106918.0,74228.0
2021 18 Nov,16446493.0,2394364.0,2372594.0,2355829.0,2018177.0,1385503.0,1382675.0,1200710.0,1062439.0,1019298.0,754516.0,319193.0,106946.0,74249.0
2021 19 Nov,16450623.0,2394812.0,2373497.0,2357145.0,2018289.0,1385692.0,1382850.0,1200913.0,1062481.0,1019424.0,754621.0,319669.0,106967.0,74263.0
2021 20 Nov,16455544.0,2395274.0,2374498.0,2358692.0,2018464.0,1385923.0,1383067.0,1201158.0,1062530.0,1019585.0,754768.0,320334.0,106974.0,74277.0
2021 21 Nov,16458176.0,2395512.0,2375037.0,2359525.0,2018534.0,1386035.0,1383193.0,1201284.0,1062544.0,1019669.0,754831.0,320754.0,106974.0,74284.0
2021 22 Nov,16461627.0,2395911.0,2375807.0,2360589.0,2018611.0,1386189.0,1383361.0,1201438.0,1062572.0,1019788.0,754915.0,321146.0,107002.0,74298.0
2021 23 Nov,16465533.0,2396310.0,2376612.0,2361849.0,2018716.0,1386392.0,1383536.0,1201634.0,1062621.0,1019921.0,755013.0,321566.0,107044.0,74319.0
2021 24 Nov,16469628.0,2396744.0,2377417.0,2363165.0,2018814.0,1386588.0,1383725.0,1201851.0,1062670.0,1020061.0,755139.0,322042.0,107072.0,74340.0
2021 25 Nov,16473821.0,2397199.0,2378257.0,2364425.0,2018926.0,1386826.0,1383921.0,1202061.0,1062726.0,1020215.0,755244.0,322553.0,107107.0,74361.0
2021 26 Nov,16478084.0,2397689.0,2379104.0,2365762.0,2019017.0,1387050.0,1384166.0,1202278.0,1062761.0,1020341.0,755335.0,323064.0,107135.0,74382.0
2021 27 Nov,16483131.0,2398193.0,2380070.0,2367351.0,2019150.0,1387316.0,1384411.0,1202523.0,1062796.0,1020481.0,755468.0,323827.0,107142.0,74403.0
2021 28 Nov,16486477.0,2398501.0,2380728.0,2368443.0,2019199.0,1387463.0,1384558.0,1202670.0,1062817.0,1020565.0,755538.0,324436.0,107142.0,74417.0
2021 29 Nov,16490411.0,2398907.0,2381533.0,2369703.0,2019262.0,1387638.0,1384747.0,1202852.0,1062845.0,1020670.0,755643.0,325024.0,107163.0,74424.0
2021 30 Nov,16495255.0,2399432.0,2382569.0,2371138.0,2019374.0,1387855.0,1384985.0,1203076.0,1062887.0,1020796.0,755769.0,325731.0,107198.0,74445.0
2021 01 Dec,16500456.0,2399915.0,2383605.0,2372797.0,2019493.0,1388121.0,1385244.0,1203314.0,1062929.0,1020943.0,755902.0,326501.0,107219.0,74473.0
2021 02 Dec,16505664.0,2400517.0,2384620.0,2374421.0,2019619.0,1388380.0,1385503.0,1203531.0,1062971.0,1021069.0,756028.0,327285.0,107233.0,74487.0
2021 03 Dec,16510984.0,2401098.0,2385810.0,2376052.0,2019710.0,1388646.0,1385776.0,1203713.0,1063020.0,1021174.0,756175.0,328055.0,107254.0,74501.0
2021 04 Dec,16516717.0,2401749.0,2386895.0,2377907.0,2019829.0,1388940.0,1386084.0,1203902.0,1063076.0,1021307.0,756287.0,328951.0,107261.0,74529.0
2021 05 Dec,16520119.0,2402134.0,2387525.0,2379034.0,2019857.0,1389094.0,1386252.0,1204049.0,1063104.0,1021356.0,756343.0,329560.0,107268.0,74543.0
2021 06 Dec,16524081.0,2402554.0,2388358.0,2380343.0,2019941.0,1389311.0,1386462.0,1204224.0,1063132.0,1021419.0,756427.0,330064.0,107289.0,74557.0
2021 07 Dec,16528540.0,2403044.0,2389282.0,2381785.0,2020018.0,1389542.0,1386693.0,1204406.0,1063174.0,1021517.0,756539.0,330659.0,107310.0,74571.0
2021 08 Dec,16533475.0,2403632.0,2390290.0,2383388.0,2020116.0,1389787.0,1386980.0,1204588.0,1063216.0,1021615.0,756644.0,331296.0,107331.0,74592.0
